series,utc,value
temp_c rolling mean,2026-10-06T13:30:00Z,79.762188
temp_c rolling mean,2026-10-06T13:30:15Z,79.762188
temp_c rolling mean,2026-10-06T13:30:30Z,79.76642600000001
temp_c rolling mean,2026-10-06T13:30:45Z,79.76642600000001
temp_c rolling mean,2026-10-06T13:31:00Z,79.827658
temp_c rolling mean,2026-10-06T13:31:15Z,79.827658
temp_c rolling mean,2026-10-06T13:31:30Z,79.827658
temp_c rolling mean,2026-10-06T13:31:45Z,79.630722
temp_c rolling mean,2026-10-06T13:32:00Z,79.630722
temp_c rolling mean,2026-10-06T13:32:15Z,79.70103399999999
temp_c rolling mean,2026-10-06T13:32:30Z,79.70103399999999
temp_c rolling mean,2026-10-06T13:32:45Z,79.807686
temp_c rolling mean,2026-10-06T13:33:00Z,79.807686
temp_c rolling mean,2026-10-06T13:33:15Z,79.72877199999999
temp_c rolling mean,2026-10-06T13:33:30Z,79.72877199999999
temp_c rolling mean,2026-10-06T13:33:45Z,79.475596
temp_c rolling mean,2026-10-06T13:34:00Z,79.475596
temp_c rolling mean,2026-10-06T13:34:15Z,79.310186
temp_c rolling mean,2026-10-06T13:34:30Z,79.310186
temp_c rolling mean,2026-10-06T13:34:45Z,79.636158
temp_c rolling mean,2026-10-06T13:35:00Z,79.636158
temp_c rolling mean,2026-10-06T13:35:15Z,79.539318
temp_c rolling mean,2026-10-06T13:35:30Z,79.17457399999999
temp_c rolling mean,2026-10-06T13:35:45Z,79.17457399999999
temp_c rolling mean,2026-10-06T13:36:00Z,79.270164
temp_c rolling mean,2026-10-06T13:36:15Z,79.270164
temp_c rolling mean,2026-10-06T13:36:30Z,79.63051399999999
temp_c rolling mean,2026-10-06T13:36:45Z,79.63051399999999
temp_c rolling mean,2026-10-06T13:37:00Z,79.38499
temp_c rolling mean,2026-10-06T13:37:15Z,79.38499
temp_c rolling mean,2026-10-06T13:37:30Z,78.963424
temp_c rolling mean,2026-10-06T13:37:45Z,78.963424
temp_c rolling mean,2026-10-06T13:38:00Z,79.54038200000001
temp_c rolling mean,2026-10-06T13:38:15Z,79.54038200000001
temp_c rolling mean,2026-10-06T13:38:30Z,79.16034599999999
temp_c rolling mean,2026-10-06T13:38:45Z,79.16034599999999
temp_c rolling mean,2026-10-06T13:39:00Z,78.733392
temp_c rolling mean,2026-10-06T13:39:15Z,78.733392
temp_c rolling mean,2026-10-06T13:39:30Z,78.73268399999999
temp_c rolling mean,2026-10-06T13:39:45Z,78.73268399999999
temp_c rolling mean,2026-10-06T13:40:00Z,78.976708
temp_c rolling mean,2026-10-06T13:40:15Z,78.976708
temp_c rolling mean,2026-10-06T13:40:30Z,78.74288
temp_c rolling mean,2026-10-06T13:40:45Z,78.74288
temp_c rolling mean,2026-10-06T13:41:00Z,78.733712
temp_c rolling mean,2026-10-06T13:41:15Z,78.733712
temp_c rolling mean,2026-10-06T13:41:30Z,78.785684
temp_c rolling mean,2026-10-06T13:41:45Z,78.785684
temp_c rolling mean,2026-10-06T13:42:00Z,78.919344
temp_c rolling mean,2026-10-06T13:42:15Z,78.919344
temp_c rolling mean,2026-10-06T13:42:30Z,79.221446
temp_c rolling mean,2026-10-06T13:42:45Z,79.221446
temp_c rolling mean,2026-10-06T13:43:00Z,79.173294
temp_c rolling mean,2026-10-06T13:43:15Z,79.173294
temp_c rolling mean,2026-10-06T13:43:30Z,78.92069599999999
temp_c rolling mean,2026-10-06T13:43:45Z,78.92069599999999
temp_c rolling mean,2026-10-06T13:44:00Z,79.421568
temp_c rolling mean,2026-10-06T13:44:15Z,79.421568
temp_c rolling mean,2026-10-06T13:44:30Z,78.977492
temp_c rolling mean,2026-10-06T13:44:45Z,78.977492
temp_c rolling mean,2026-10-06T13:45:00Z,78.72196799999999
temp_c rolling mean,2026-10-06T13:45:15Z,78.72196799999999
temp_c rolling mean,2026-10-06T13:45:30Z,78.88457399999999
temp_c rolling mean,2026-10-06T13:45:45Z,78.88457399999999
temp_c rolling mean,2026-10-06T13:46:00Z,79.147772
temp_c rolling mean,2026-10-06T13:46:15Z,79.147772
temp_c rolling mean,2026-10-06T13:46:30Z,79.2103
temp_c rolling mean,2026-10-06T13:46:45Z,79.2103
temp_c rolling mean,2026-10-06T13:47:00Z,79.428108
temp_c rolling mean,2026-10-06T13:47:15Z,79.428108
temp_c rolling mean,2026-10-06T13:47:30Z,79.40127000000001
temp_c rolling mean,2026-10-06T13:47:45Z,79.40127000000001
temp_c rolling mean,2026-10-06T13:48:00Z,79.42011199999999
temp_c rolling mean,2026-10-06T13:48:15Z,79.42011199999999
temp_c rolling mean,2026-10-06T13:48:30Z,79.56223200000001
temp_c rolling mean,2026-10-06T13:48:45Z,79.56223200000001
temp_c rolling mean,2026-10-06T13:49:00Z,79.657066
temp_c rolling mean,2026-10-06T13:49:15Z,79.657066
temp_c rolling mean,2026-10-06T13:49:30Z,79.657066
temp_c rolling mean,2026-10-06T13:49:45Z,79.51248
temp_c rolling mean,2026-10-06T13:50:00Z,79.51248
temp_c rolling mean,2026-10-06T13:50:15Z,79.623726
temp_c rolling mean,2026-10-06T13:50:30Z,79.623726
temp_c rolling mean,2026-10-06T13:50:45Z,80.694076
temp_c rolling mean,2026-10-06T13:51:00Z,80.694076
temp_c rolling mean,2026-10-06T13:51:15Z,81.623114
temp_c rolling mean,2026-10-06T13:51:30Z,81.623114
temp_c rolling mean,2026-10-06T13:51:45Z,82.49741999999998
temp_c rolling mean,2026-10-06T13:52:00Z,82.49741999999998
temp_c rolling mean,2026-10-06T13:52:15Z,83.927086
temp_c rolling mean,2026-10-06T13:52:30Z,83.927086
temp_c rolling mean,2026-10-06T13:52:45Z,84.86985800000001
temp_c rolling mean,2026-10-06T13:53:00Z,84.86985800000001
temp_c rolling mean,2026-10-06T13:53:15Z,85.09233599999999
temp_c rolling mean,2026-10-06T13:53:30Z,85.09233599999999
temp_c rolling mean,2026-10-06T13:53:45Z,85.759178
temp_c rolling mean,2026-10-06T13:54:00Z,85.759178
temp_c rolling mean,2026-10-06T13:54:15Z,85.78881200000001
temp_c rolling mean,2026-10-06T13:54:30Z,85.78881200000001
temp_c rolling mean,2026-10-06T13:54:45Z,85.72932999999999
temp_c rolling mean,2026-10-06T13:55:00Z,85.72932999999999
temp_c rolling mean,2026-10-06T13:55:15Z,86.318118
temp_c rolling mean,2026-10-06T13:55:30Z,86.318118
temp_c rolling mean,2026-10-06T13:55:45Z,86.368148
temp_c rolling mean,2026-10-06T13:56:00Z,86.368148
temp_c rolling mean,2026-10-06T13:56:15Z,86.20327400000001
temp_c rolling mean,2026-10-06T13:56:30Z,86.20327400000001
temp_c rolling mean,2026-10-06T13:56:45Z,86.294286
temp_c rolling mean,2026-10-06T13:57:00Z,86.294286
temp_c rolling mean,2026-10-06T13:57:15Z,85.979598
temp_c rolling mean,2026-10-06T13:57:30Z,85.979598
temp_c rolling mean,2026-10-06T13:57:45Z,85.884178
temp_c rolling mean,2026-10-06T13:58:00Z,85.884178
temp_c rolling mean,2026-10-06T13:58:15Z,85.70679399999999
temp_c rolling mean,2026-10-06T13:58:30Z,85.70679399999999
temp_c rolling mean,2026-10-06T13:58:45Z,85.405552
temp_c rolling mean,2026-10-06T13:59:00Z,85.405552
temp_c rolling mean,2026-10-06T13:59:15Z,85.23673800000002
temp_c rolling mean,2026-10-06T13:59:30Z,85.23673800000002
temp_c rolling mean,2026-10-06T13:59:45Z,85.56891800000001
temp_c rolling mean,2026-10-06T14:00:00Z,85.56891800000001
temp_c rolling mean,2026-10-06T14:00:15Z,85.54287
temp_c rolling mean,2026-10-06T14:00:30Z,85.54287
temp_c rolling mean,2026-10-06T14:00:45Z,85.44575599999999
temp_c rolling mean,2026-10-06T14:01:00Z,85.44575599999999
temp_c rolling mean,2026-10-06T14:01:15Z,85.66495199999999
temp_c rolling mean,2026-10-06T14:01:30Z,85.66495199999999
temp_c rolling mean,2026-10-06T14:01:45Z,85.549136
temp_c rolling mean,2026-10-06T14:02:00Z,85.549136
temp_c rolling mean,2026-10-06T14:02:15Z,85.535684
temp_c rolling mean,2026-10-06T14:02:30Z,85.535684
temp_c rolling mean,2026-10-06T14:02:45Z,85.522594
temp_c rolling mean,2026-10-06T14:03:00Z,85.522594
temp_c rolling mean,2026-10-06T14:03:15Z,85.448614
temp_c rolling mean,2026-10-06T14:03:30Z,85.448614
temp_c rolling mean,2026-10-06T14:03:45Z,85.24174000000001
temp_c rolling mean,2026-10-06T14:04:00Z,85.24174000000001
temp_c rolling mean,2026-10-06T14:04:15Z,85.694708
temp_c rolling mean,2026-10-06T14:04:30Z,85.694708
temp_c rolling mean,2026-10-06T14:04:45Z,85.776566
temp_c rolling mean,2026-10-06T14:05:00Z,85.776566
temp_c rolling mean,2026-10-06T14:05:15Z,85.71464200000001
temp_c rolling mean,2026-10-06T14:05:30Z,85.71464200000001
temp_c rolling mean,2026-10-06T14:05:45Z,85.45062
temp_c rolling mean,2026-10-06T14:06:00Z,85.45062
temp_c rolling mean,2026-10-06T14:06:15Z,85.651546
temp_c rolling mean,2026-10-06T14:06:30Z,85.651546
temp_c rolling mean,2026-10-06T14:06:45Z,85.55820999999999
temp_c rolling mean,2026-10-06T14:07:00Z,85.55820999999999
temp_c rolling mean,2026-10-06T14:07:15Z,85.42698000000001
temp_c rolling mean,2026-10-06T14:07:30Z,85.42698000000001
temp_c rolling mean,2026-10-06T14:07:45Z,85.363562
temp_c rolling mean,2026-10-06T14:08:00Z,85.363562
temp_c rolling mean,2026-10-06T14:08:15Z,85.653622
temp_c rolling mean,2026-10-06T14:08:30Z,85.653622
temp_c rolling mean,2026-10-06T14:08:45Z,85.479344
temp_c rolling mean,2026-10-06T14:09:00Z,85.479344
temp_c rolling mean,2026-10-06T14:09:15Z,85.20887599999999
temp_c rolling mean,2026-10-06T14:09:30Z,85.20887599999999
temp_c rolling mean,2026-10-06T14:09:45Z,85.05156
temp_c rolling mean,2026-10-06T14:10:00Z,85.05156
temp_c rolling mean,2026-10-06T14:10:15Z,84.87550599999999
temp_c rolling mean,2026-10-06T14:10:30Z,84.87550599999999
temp_c rolling mean,2026-10-06T14:10:45Z,85.00844599999999
temp_c rolling mean,2026-10-06T14:11:00Z,85.00844599999999
temp_c rolling mean,2026-10-06T14:11:15Z,84.87274400000001
temp_c rolling mean,2026-10-06T14:11:30Z,84.87274400000001
temp_c rolling mean,2026-10-06T14:11:45Z,85.001876
temp_c rolling mean,2026-10-06T14:12:00Z,85.001876
temp_c rolling mean,2026-10-06T14:12:15Z,85.35933600000001
temp_c rolling mean,2026-10-06T14:12:30Z,85.35933600000001
temp_c rolling mean,2026-10-06T14:12:45Z,85.343856
temp_c rolling mean,2026-10-06T14:13:00Z,85.343856
temp_c rolling mean,2026-10-06T14:13:15Z,85.343856
temp_c rolling mean,2026-10-06T14:13:30Z,85.262546
temp_c rolling mean,2026-10-06T14:13:45Z,85.262546
temp_c rolling mean,2026-10-06T14:14:00Z,85.480598
temp_c rolling mean,2026-10-06T14:14:15Z,85.480598
temp_c rolling mean,2026-10-06T14:14:30Z,85.07725
temp_c rolling mean,2026-10-06T14:14:45Z,85.07725
temp_c rolling mean,2026-10-06T14:15:00Z,84.77159
temp_c rolling mean,2026-10-06T14:15:15Z,84.77159
temp_c rolling mean,2026-10-06T14:15:30Z,84.84763999999998
temp_c rolling mean,2026-10-06T14:15:45Z,84.84763999999998
temp_c rolling mean,2026-10-06T14:16:00Z,85.159486
temp_c rolling mean,2026-10-06T14:16:15Z,85.159486
temp_c rolling mean,2026-10-06T14:16:30Z,85.07342
temp_c rolling mean,2026-10-06T14:16:45Z,85.07342
temp_c rolling mean,2026-10-06T14:17:00Z,85.58523000000001
temp_c rolling mean,2026-10-06T14:17:15Z,85.58523000000001
temp_c rolling mean,2026-10-06T14:17:30Z,85.681318
temp_c rolling mean,2026-10-06T14:17:45Z,85.681318
temp_c rolling mean,2026-10-06T14:18:00Z,85.69967799999999
temp_c rolling mean,2026-10-06T14:18:15Z,85.69967799999999
temp_c rolling mean,2026-10-06T14:18:30Z,85.57458600000001
temp_c rolling mean,2026-10-06T14:18:45Z,85.57458600000001
temp_c rolling mean,2026-10-06T14:19:00Z,85.54367799999999
temp_c rolling mean,2026-10-06T14:19:15Z,85.54367799999999
temp_c rolling mean,2026-10-06T14:19:30Z,85.001296
temp_c rolling mean,2026-10-06T14:19:45Z,85.001296
temp_c rolling mean,2026-10-06T14:20:00Z,85.0982
temp_c rolling mean,2026-10-06T14:20:15Z,85.0982
temp_c rolling mean,2026-10-06T14:20:30Z,85.00755199999999
temp_c rolling mean,2026-10-06T14:20:45Z,85.00755199999999
temp_c rolling mean,2026-10-06T14:21:00Z,85.00755199999999
temp_c rolling mean,2026-10-06T14:21:15Z,85.00755199999999
temp_c rolling mean,2026-10-06T14:21:30Z,85.00755199999999
temp_c rolling mean,2026-10-06T14:21:45Z,85.00755199999999
temp_c rolling mean,2026-10-06T14:22:00Z,85.00755199999999
temp_c rolling mean,2026-10-06T14:22:15Z,85.00755199999999
temp_c rolling mean,2026-10-06T14:22:30Z,85.00755199999999
temp_c rolling mean,2026-10-06T14:22:45Z,85.00755199999999
temp_c rolling mean,2026-10-06T14:23:00Z,85.00755199999999
temp_c rolling mean,2026-10-06T14:23:15Z,85.00755199999999
temp_c rolling mean,2026-10-06T14:23:30Z,85.00755199999999
temp_c rolling mean,2026-10-06T14:23:45Z,85.00755199999999
temp_c rolling mean,2026-10-06T14:24:00Z,85.00755199999999
temp_c rolling mean,2026-10-06T14:24:15Z,85.00755199999999
temp_c rolling mean,2026-10-06T14:24:30Z,85.00755199999999
temp_c rolling mean,2026-10-06T14:24:45Z,85.00755199999999
temp_c rolling mean,2026-10-06T14:25:00Z,85.00755199999999
temp_c rolling mean,2026-10-06T14:25:15Z,85.00755199999999
temp_c rolling mean,2026-10-06T14:25:30Z,85.00755199999999
temp_c rolling mean,2026-10-06T14:25:45Z,85.00755199999999
temp_c rolling mean,2026-10-06T14:26:00Z,85.00755199999999
temp_c rolling mean,2026-10-06T14:26:15Z,85.00755199999999
temp_c rolling sd,2026-10-06T13:30:00Z,9.484396466863666
temp_c rolling sd,2026-10-06T13:30:15Z,9.484396466863666
temp_c rolling sd,2026-10-06T13:30:30Z,9.62064606024585
temp_c rolling sd,2026-10-06T13:30:45Z,9.62064606024585
temp_c rolling sd,2026-10-06T13:31:00Z,9.762095489239798
temp_c rolling sd,2026-10-06T13:31:15Z,9.762095489239798
temp_c rolling sd,2026-10-06T13:31:30Z,9.762095489239798
temp_c rolling sd,2026-10-06T13:31:45Z,9.45870715186362
temp_c rolling sd,2026-10-06T13:32:00Z,9.45870715186362
temp_c rolling sd,2026-10-06T13:32:15Z,9.460611596976381
temp_c rolling sd,2026-10-06T13:32:30Z,9.460611596976381
temp_c rolling sd,2026-10-06T13:32:45Z,9.576821814119963
temp_c rolling sd,2026-10-06T13:33:00Z,9.576821814119963
temp_c rolling sd,2026-10-06T13:33:15Z,9.342226562443024
temp_c rolling sd,2026-10-06T13:33:30Z,9.342226562443024
temp_c rolling sd,2026-10-06T13:33:45Z,9.013723145337003
temp_c rolling sd,2026-10-06T13:34:00Z,9.013723145337003
temp_c rolling sd,2026-10-06T13:34:15Z,9.22805789640507
temp_c rolling sd,2026-10-06T13:34:30Z,9.22805789640507
temp_c rolling sd,2026-10-06T13:34:45Z,9.171772168399954
temp_c rolling sd,2026-10-06T13:35:00Z,9.171772168399954
temp_c rolling sd,2026-10-06T13:35:15Z,9.060790039995187
temp_c rolling sd,2026-10-06T13:35:30Z,9.129847898214077
temp_c rolling sd,2026-10-06T13:35:45Z,9.129847898214077
temp_c rolling sd,2026-10-06T13:36:00Z,9.31661174231834
temp_c rolling sd,2026-10-06T13:36:15Z,9.31661174231834
temp_c rolling sd,2026-10-06T13:36:30Z,9.176573778802412
temp_c rolling sd,2026-10-06T13:36:45Z,9.176573778802412
temp_c rolling sd,2026-10-06T13:37:00Z,9.185347976963094
temp_c rolling sd,2026-10-06T13:37:15Z,9.185347976963094
temp_c rolling sd,2026-10-06T13:37:30Z,9.06595268089482
temp_c rolling sd,2026-10-06T13:37:45Z,9.06595268089482
temp_c rolling sd,2026-10-06T13:38:00Z,9.25702652130132
temp_c rolling sd,2026-10-06T13:38:15Z,9.25702652130132
temp_c rolling sd,2026-10-06T13:38:30Z,9.070350429960465
temp_c rolling sd,2026-10-06T13:38:45Z,9.070350429960465
temp_c rolling sd,2026-10-06T13:39:00Z,8.887187489320567
temp_c rolling sd,2026-10-06T13:39:15Z,8.887187489320567
temp_c rolling sd,2026-10-06T13:39:30Z,8.962190875681236
temp_c rolling sd,2026-10-06T13:39:45Z,8.962190875681236
temp_c rolling sd,2026-10-06T13:40:00Z,9.005798046299729
temp_c rolling sd,2026-10-06T13:40:15Z,9.005798046299729
temp_c rolling sd,2026-10-06T13:40:30Z,9.146360351396615
temp_c rolling sd,2026-10-06T13:40:45Z,9.146360351396615
temp_c rolling sd,2026-10-06T13:41:00Z,9.333078144163157
temp_c rolling sd,2026-10-06T13:41:15Z,9.333078144163157
temp_c rolling sd,2026-10-06T13:41:30Z,9.566942550477869
temp_c rolling sd,2026-10-06T13:41:45Z,9.566942550477869
temp_c rolling sd,2026-10-06T13:42:00Z,9.456465541716101
temp_c rolling sd,2026-10-06T13:42:15Z,9.456465541716101
temp_c rolling sd,2026-10-06T13:42:30Z,9.627113371259528
temp_c rolling sd,2026-10-06T13:42:45Z,9.627113371259528
temp_c rolling sd,2026-10-06T13:43:00Z,9.428625478380399
temp_c rolling sd,2026-10-06T13:43:15Z,9.428625478380399
temp_c rolling sd,2026-10-06T13:43:30Z,9.361715819420283
temp_c rolling sd,2026-10-06T13:43:45Z,9.361715819420283
temp_c rolling sd,2026-10-06T13:44:00Z,9.383550028927004
temp_c rolling sd,2026-10-06T13:44:15Z,9.383550028927004
temp_c rolling sd,2026-10-06T13:44:30Z,9.419421096751964
temp_c rolling sd,2026-10-06T13:44:45Z,9.419421096751964
temp_c rolling sd,2026-10-06T13:45:00Z,9.373862417113662
temp_c rolling sd,2026-10-06T13:45:15Z,9.373862417113662
temp_c rolling sd,2026-10-06T13:45:30Z,9.383666621557056
temp_c rolling sd,2026-10-06T13:45:45Z,9.383666621557056
temp_c rolling sd,2026-10-06T13:46:00Z,9.615232931760726
temp_c rolling sd,2026-10-06T13:46:15Z,9.615232931760726
temp_c rolling sd,2026-10-06T13:46:30Z,9.446245066162533
temp_c rolling sd,2026-10-06T13:46:45Z,9.446245066162533
temp_c rolling sd,2026-10-06T13:47:00Z,9.473819349572588
temp_c rolling sd,2026-10-06T13:47:15Z,9.473819349572588
temp_c rolling sd,2026-10-06T13:47:30Z,9.600950596743012
temp_c rolling sd,2026-10-06T13:47:45Z,9.600950596743012
temp_c rolling sd,2026-10-06T13:48:00Z,9.744244780353991
temp_c rolling sd,2026-10-06T13:48:15Z,9.744244780353991
temp_c rolling sd,2026-10-06T13:48:30Z,9.514744445868002
temp_c rolling sd,2026-10-06T13:48:45Z,9.514744445868002
temp_c rolling sd,2026-10-06T13:49:00Z,9.744529153614556
temp_c rolling sd,2026-10-06T13:49:15Z,9.744529153614556
temp_c rolling sd,2026-10-06T13:49:30Z,9.744529153614556
temp_c rolling sd,2026-10-06T13:49:45Z,9.519818597725484
temp_c rolling sd,2026-10-06T13:50:00Z,9.519818597725484
temp_c rolling sd,2026-10-06T13:50:15Z,9.368702880277716
temp_c rolling sd,2026-10-06T13:50:30Z,9.368702880277716
temp_c rolling sd,2026-10-06T13:50:45Z,9.40294334419941
temp_c rolling sd,2026-10-06T13:51:00Z,9.40294334419941
temp_c rolling sd,2026-10-06T13:51:15Z,9.472129917025208
temp_c rolling sd,2026-10-06T13:51:30Z,9.472129917025208
temp_c rolling sd,2026-10-06T13:51:45Z,9.548914820627525
temp_c rolling sd,2026-10-06T13:52:00Z,9.548914820627525
temp_c rolling sd,2026-10-06T13:52:15Z,9.586379245085393
temp_c rolling sd,2026-10-06T13:52:30Z,9.586379245085393
temp_c rolling sd,2026-10-06T13:52:45Z,9.253288990723028
temp_c rolling sd,2026-10-06T13:53:00Z,9.253288990723028
temp_c rolling sd,2026-10-06T13:53:15Z,9.425174939655179
temp_c rolling sd,2026-10-06T13:53:30Z,9.425174939655179
temp_c rolling sd,2026-10-06T13:53:45Z,9.378547279100106
temp_c rolling sd,2026-10-06T13:54:00Z,9.378547279100106
temp_c rolling sd,2026-10-06T13:54:15Z,9.568845687158719
temp_c rolling sd,2026-10-06T13:54:30Z,9.568845687158719
temp_c rolling sd,2026-10-06T13:54:45Z,9.517778296488103
temp_c rolling sd,2026-10-06T13:55:00Z,9.517778296488103
temp_c rolling sd,2026-10-06T13:55:15Z,9.506344963027379
temp_c rolling sd,2026-10-06T13:55:30Z,9.506344963027379
temp_c rolling sd,2026-10-06T13:55:45Z,9.299960278307429
temp_c rolling sd,2026-10-06T13:56:00Z,9.299960278307429
temp_c rolling sd,2026-10-06T13:56:15Z,9.437855141446281
temp_c rolling sd,2026-10-06T13:56:30Z,9.437855141446281
temp_c rolling sd,2026-10-06T13:56:45Z,9.12494500127009
temp_c rolling sd,2026-10-06T13:57:00Z,9.12494500127009
temp_c rolling sd,2026-10-06T13:57:15Z,9.0529701541757
temp_c rolling sd,2026-10-06T13:57:30Z,9.0529701541757
temp_c rolling sd,2026-10-06T13:57:45Z,8.983682225141091
temp_c rolling sd,2026-10-06T13:58:00Z,8.983682225141091
temp_c rolling sd,2026-10-06T13:58:15Z,9.108150652441143
temp_c rolling sd,2026-10-06T13:58:30Z,9.108150652441143
temp_c rolling sd,2026-10-06T13:58:45Z,9.05419932248545
temp_c rolling sd,2026-10-06T13:59:00Z,9.05419932248545
temp_c rolling sd,2026-10-06T13:59:15Z,8.958098872269495
temp_c rolling sd,2026-10-06T13:59:30Z,8.958098872269495
temp_c rolling sd,2026-10-06T13:59:45Z,9.148774134236564
temp_c rolling sd,2026-10-06T14:00:00Z,9.148774134236564
temp_c rolling sd,2026-10-06T14:00:15Z,9.194859008658044
temp_c rolling sd,2026-10-06T14:00:30Z,9.194859008658044
temp_c rolling sd,2026-10-06T14:00:45Z,9.165776918759478
temp_c rolling sd,2026-10-06T14:01:00Z,9.165776918759478
temp_c rolling sd,2026-10-06T14:01:15Z,9.17928461513728
temp_c rolling sd,2026-10-06T14:01:30Z,9.17928461513728
temp_c rolling sd,2026-10-06T14:01:45Z,9.461422402234454
temp_c rolling sd,2026-10-06T14:02:00Z,9.461422402234454
temp_c rolling sd,2026-10-06T14:02:15Z,9.215527048636122
temp_c rolling sd,2026-10-06T14:02:30Z,9.215527048636122
temp_c rolling sd,2026-10-06T14:02:45Z,9.187948349504584
temp_c rolling sd,2026-10-06T14:03:00Z,9.187948349504584
temp_c rolling sd,2026-10-06T14:03:15Z,9.230151240418762
temp_c rolling sd,2026-10-06T14:03:30Z,9.230151240418762
temp_c rolling sd,2026-10-06T14:03:45Z,9.193862093179341
temp_c rolling sd,2026-10-06T14:04:00Z,9.193862093179341
temp_c rolling sd,2026-10-06T14:04:15Z,9.20589639734969
temp_c rolling sd,2026-10-06T14:04:30Z,9.20589639734969
temp_c rolling sd,2026-10-06T14:04:45Z,9.17790144061506
temp_c rolling sd,2026-10-06T14:05:00Z,9.17790144061506
temp_c rolling sd,2026-10-06T14:05:15Z,9.281929494983034
temp_c rolling sd,2026-10-06T14:05:30Z,9.281929494983034
temp_c rolling sd,2026-10-06T14:05:45Z,9.273182840405983
temp_c rolling sd,2026-10-06T14:06:00Z,9.273182840405983
temp_c rolling sd,2026-10-06T14:06:15Z,9.246263635863082
temp_c rolling sd,2026-10-06T14:06:30Z,9.246263635863082
temp_c rolling sd,2026-10-06T14:06:45Z,9.332369999410654
temp_c rolling sd,2026-10-06T14:07:00Z,9.332369999410654
temp_c rolling sd,2026-10-06T14:07:15Z,9.429544765236548
temp_c rolling sd,2026-10-06T14:07:30Z,9.429544765236548
temp_c rolling sd,2026-10-06T14:07:45Z,9.20712739773682
temp_c rolling sd,2026-10-06T14:08:00Z,9.20712739773682
temp_c rolling sd,2026-10-06T14:08:15Z,9.193357743671024
temp_c rolling sd,2026-10-06T14:08:30Z,9.193357743671024
temp_c rolling sd,2026-10-06T14:08:45Z,9.184026402491666
temp_c rolling sd,2026-10-06T14:09:00Z,9.184026402491666
temp_c rolling sd,2026-10-06T14:09:15Z,9.145205041147191
temp_c rolling sd,2026-10-06T14:09:30Z,9.145205041147191
temp_c rolling sd,2026-10-06T14:09:45Z,9.256060444616812
temp_c rolling sd,2026-10-06T14:10:00Z,9.256060444616812
temp_c rolling sd,2026-10-06T14:10:15Z,9.536136098544526
temp_c rolling sd,2026-10-06T14:10:30Z,9.536136098544526
temp_c rolling sd,2026-10-06T14:10:45Z,9.470503901645571
temp_c rolling sd,2026-10-06T14:11:00Z,9.470503901645571
temp_c rolling sd,2026-10-06T14:11:15Z,9.49003412841408
temp_c rolling sd,2026-10-06T14:11:30Z,9.49003412841408
temp_c rolling sd,2026-10-06T14:11:45Z,9.501992391315834
temp_c rolling sd,2026-10-06T14:12:00Z,9.501992391315834
temp_c rolling sd,2026-10-06T14:12:15Z,9.337811145397191
temp_c rolling sd,2026-10-06T14:12:30Z,9.337811145397191
temp_c rolling sd,2026-10-06T14:12:45Z,8.995136892969667
temp_c rolling sd,2026-10-06T14:13:00Z,8.995136892969667
temp_c rolling sd,2026-10-06T14:13:15Z,8.995136892969667
temp_c rolling sd,2026-10-06T14:13:30Z,9.05387268166965
temp_c rolling sd,2026-10-06T14:13:45Z,9.05387268166965
temp_c rolling sd,2026-10-06T14:14:00Z,9.110400960242968
temp_c rolling sd,2026-10-06T14:14:15Z,9.110400960242968
temp_c rolling sd,2026-10-06T14:14:30Z,8.954648948311709
temp_c rolling sd,2026-10-06T14:14:45Z,8.954648948311709
temp_c rolling sd,2026-10-06T14:15:00Z,9.022736180222715
temp_c rolling sd,2026-10-06T14:15:15Z,9.022736180222715
temp_c rolling sd,2026-10-06T14:15:30Z,9.1180401838553
temp_c rolling sd,2026-10-06T14:15:45Z,9.1180401838553
temp_c rolling sd,2026-10-06T14:16:00Z,9.062926554585115
temp_c rolling sd,2026-10-06T14:16:15Z,9.062926554585115
temp_c rolling sd,2026-10-06T14:16:30Z,8.976827135441564
temp_c rolling sd,2026-10-06T14:16:45Z,8.976827135441564
temp_c rolling sd,2026-10-06T14:17:00Z,8.78477371143389
temp_c rolling sd,2026-10-06T14:17:15Z,8.78477371143389
temp_c rolling sd,2026-10-06T14:17:30Z,8.966776092937527
temp_c rolling sd,2026-10-06T14:17:45Z,8.966776092937527
temp_c rolling sd,2026-10-06T14:18:00Z,8.991854298103146
temp_c rolling sd,2026-10-06T14:18:15Z,8.991854298103146
temp_c rolling sd,2026-10-06T14:18:30Z,9.172531025982087
temp_c rolling sd,2026-10-06T14:18:45Z,9.172531025982087
temp_c rolling sd,2026-10-06T14:19:00Z,9.172146334109373
temp_c rolling sd,2026-10-06T14:19:15Z,9.172146334109373
temp_c rolling sd,2026-10-06T14:19:30Z,9.199058350960929
temp_c rolling sd,2026-10-06T14:19:45Z,9.199058350960929
temp_c rolling sd,2026-10-06T14:20:00Z,9.109365450567893
temp_c rolling sd,2026-10-06T14:20:15Z,9.109365450567893
temp_c rolling sd,2026-10-06T14:20:30Z,9.25047021568612
temp_c rolling sd,2026-10-06T14:20:45Z,9.25047021568612
temp_c rolling sd,2026-10-06T14:21:00Z,9.25047021568612
temp_c rolling sd,2026-10-06T14:21:15Z,9.25047021568612
temp_c rolling sd,2026-10-06T14:21:30Z,9.25047021568612
temp_c rolling sd,2026-10-06T14:21:45Z,9.25047021568612
temp_c rolling sd,2026-10-06T14:22:00Z,9.25047021568612
temp_c rolling sd,2026-10-06T14:22:15Z,9.25047021568612
temp_c rolling sd,2026-10-06T14:22:30Z,9.25047021568612
temp_c rolling sd,2026-10-06T14:22:45Z,9.25047021568612
temp_c rolling sd,2026-10-06T14:23:00Z,9.25047021568612
temp_c rolling sd,2026-10-06T14:23:15Z,9.25047021568612
temp_c rolling sd,2026-10-06T14:23:30Z,9.25047021568612
temp_c rolling sd,2026-10-06T14:23:45Z,9.25047021568612
temp_c rolling sd,2026-10-06T14:24:00Z,9.25047021568612
temp_c rolling sd,2026-10-06T14:24:15Z,9.25047021568612
temp_c rolling sd,2026-10-06T14:24:30Z,9.25047021568612
temp_c rolling sd,2026-10-06T14:24:45Z,9.25047021568612
temp_c rolling sd,2026-10-06T14:25:00Z,9.25047021568612
temp_c rolling sd,2026-10-06T14:25:15Z,9.25047021568612
temp_c rolling sd,2026-10-06T14:25:30Z,9.25047021568612
temp_c rolling sd,2026-10-06T14:25:45Z,9.25047021568612
temp_c rolling sd,2026-10-06T14:26:00Z,9.25047021568612
temp_c rolling sd,2026-10-06T14:26:15Z,9.25047021568612
request rate,2026-10-06T13:30:00Z,0.04444444444444444
request rate,2026-10-06T13:30:15Z,0.022221234611795034
request rate,2026-10-06T13:30:30Z,0.04444444444444444
request rate,2026-10-06T13:30:45Z,0.02222222222222222
request rate,2026-10-06T13:31:00Z,0.044446419840881816
request rate,2026-10-06T13:31:15Z,0.022223209920440908
request rate,2026-10-06T13:31:30Z,0.02222222222222222
request rate,2026-10-06T13:31:45Z,0.02222222222222222
request rate,2026-10-06T13:32:00Z,0.022221234611795034
request rate,2026-10-06T13:32:15Z,0.044446419840881816
request rate,2026-10-06T13:32:30Z,0.02222222222222222
request rate,2026-10-06T13:32:45Z,0.04444444444444444
request rate,2026-10-06T13:33:00Z,0.02222222222222222
request rate,2026-10-06T13:33:15Z,0.04444246922359007
request rate,2026-10-06T13:33:30Z,0.02222222222222222
request rate,2026-10-06T13:33:45Z,0.04444444444444444
request rate,2026-10-06T13:34:00Z,0.022223209920440908
request rate,2026-10-06T13:34:15Z,0.044446419840881816
request rate,2026-10-06T13:34:30Z,0.022221234611795034
request rate,2026-10-06T13:34:45Z,0.04444444444444444
request rate,2026-10-06T13:35:00Z,0.022221234611795034
request rate,2026-10-06T13:35:15Z,0.044446419840881816
request rate,2026-10-06T13:35:30Z,0.04444246922359007
request rate,2026-10-06T13:35:45Z,0.044446419840881816
request rate,2026-10-06T13:36:00Z,0.04444444444444444
request rate,2026-10-06T13:36:15Z,0.022223209920440908
request rate,2026-10-06T13:36:30Z,0.04444444444444444
request rate,2026-10-06T13:36:45Z,0.02222222222222222
request rate,2026-10-06T13:37:00Z,0.04444246922359007
request rate,2026-10-06T13:37:15Z,0.02222222222222222
request rate,2026-10-06T13:37:30Z,0.04444444444444444
request rate,2026-10-06T13:37:45Z,0.02222222222222222
request rate,2026-10-06T13:38:00Z,0.04444246922359007
request rate,2026-10-06T13:38:15Z,0.02222222222222222
request rate,2026-10-06T13:38:30Z,0.04444444444444444
request rate,2026-10-06T13:38:45Z,0.022223209920440908
request rate,2026-10-06T13:39:00Z,0.04444444444444444
request rate,2026-10-06T13:39:15Z,0.022223209920440908
request rate,2026-10-06T13:39:30Z,0.04444444444444444
request rate,2026-10-06T13:39:45Z,0.02222222222222222
request rate,2026-10-06T13:40:00Z,0.04444444444444444
request rate,2026-10-06T13:40:15Z,0.02222222222222222
request rate,2026-10-06T13:40:30Z,0.04444444444444444
request rate,2026-10-06T13:40:45Z,0.02222222222222222
request rate,2026-10-06T13:41:00Z,0.04444444444444444
request rate,2026-10-06T13:41:15Z,0.02222222222222222
request rate,2026-10-06T13:41:30Z,0.04444444444444444
request rate,2026-10-06T13:41:45Z,0.022221234611795034
request rate,2026-10-06T13:42:00Z,0.04444246922359007
request rate,2026-10-06T13:42:15Z,0.022221234611795034
request rate,2026-10-06T13:42:30Z,0.044446419840881816
request rate,2026-10-06T13:42:45Z,0.022223209920440908
request rate,2026-10-06T13:43:00Z,0.044446419840881816
request rate,2026-10-06T13:43:15Z,0.02222222222222222
request rate,2026-10-06T13:43:30Z,0.04444246922359007
request rate,2026-10-06T13:43:45Z,0.02222222222222222
request rate,2026-10-06T13:44:00Z,0.04444444444444444
request rate,2026-10-06T13:44:15Z,0.02222222222222222
request rate,2026-10-06T13:44:30Z,0.04444444444444444
request rate,2026-10-06T13:44:45Z,0.02222222222222222
request rate,2026-10-06T13:45:00Z,0.04444444444444444
request rate,2026-10-06T13:45:15Z,0.02222222222222222
request rate,2026-10-06T13:45:30Z,0.04444246922359007
request rate,2026-10-06T13:45:45Z,0.022223209920440908
request rate,2026-10-06T13:46:00Z,0.04444246922359007
request rate,2026-10-06T13:46:15Z,0.02222222222222222
request rate,2026-10-06T13:46:30Z,0.04444246922359007
request rate,2026-10-06T13:46:45Z,0.022223209920440908
request rate,2026-10-06T13:47:00Z,0.044446419840881816
request rate,2026-10-06T13:47:15Z,0.02222222222222222
request rate,2026-10-06T13:47:30Z,0.04444444444444444
request rate,2026-10-06T13:47:45Z,0.02222222222222222
request rate,2026-10-06T13:48:00Z,0.044446419840881816
request rate,2026-10-06T13:48:15Z,0.02222222222222222
request rate,2026-10-06T13:48:30Z,0.04444246922359007
request rate,2026-10-06T13:48:45Z,0.02222222222222222
request rate,2026-10-06T13:49:00Z,0.04444246922359007
request rate,2026-10-06T13:49:15Z,0.022223209920440908
request rate,2026-10-06T13:49:30Z,0.02222222222222222
request rate,2026-10-06T13:49:45Z,0.022223209920440908
request rate,2026-10-06T13:50:00Z,0.022221234611795034
request rate,2026-10-06T13:50:15Z,0.04444246922359007
request rate,2026-10-06T13:50:30Z,0.02222222222222222
request rate,2026-10-06T13:50:45Z,0.044446419840881816
request rate,2026-10-06T13:51:00Z,0.02222222222222222
request rate,2026-10-06T13:51:15Z,0.04444444444444444
request rate,2026-10-06T13:51:30Z,0.022221234611795034
request rate,2026-10-06T13:51:45Z,0.044446419840881816
request rate,2026-10-06T13:52:00Z,0.02222222222222222
request rate,2026-10-06T13:52:15Z,0.04444444444444444
request rate,2026-10-06T13:52:30Z,0.022221234611795034
request rate,2026-10-06T13:52:45Z,0.04444246922359007
request rate,2026-10-06T13:53:00Z,0.02222222222222222
request rate,2026-10-06T13:53:15Z,0.044446419840881816
request rate,2026-10-06T13:53:30Z,0.02222222222222222
request rate,2026-10-06T13:53:45Z,0.044446419840881816
request rate,2026-10-06T13:54:00Z,0.02222222222222222
request rate,2026-10-06T13:54:15Z,0.04444444444444444
request rate,2026-10-06T13:54:30Z,0.022221234611795034
request rate,2026-10-06T13:54:45Z,0.04444246922359007
request rate,2026-10-06T13:55:00Z,0.02222222222222222
request rate,2026-10-06T13:55:15Z,0.044446419840881816
request rate,2026-10-06T13:55:30Z,0.022223209920440908
request rate,2026-10-06T13:55:45Z,0.04444444444444444
request rate,2026-10-06T13:56:00Z,0.02222222222222222
request rate,2026-10-06T13:56:15Z,0.04444444444444444
request rate,2026-10-06T13:56:30Z,0.022223209920440908
request rate,2026-10-06T13:56:45Z,0.04444444444444444
request rate,2026-10-06T13:57:00Z,0.02222222222222222
request rate,2026-10-06T13:57:15Z,0.04444246922359007
request rate,2026-10-06T13:57:30Z,0.02222222222222222
request rate,2026-10-06T13:57:45Z,0.04444246922359007
request rate,2026-10-06T13:58:00Z,0.022223209920440908
request rate,2026-10-06T13:58:15Z,0.04444444444444444
request rate,2026-10-06T13:58:30Z,0.02222222222222222
request rate,2026-10-06T13:58:45Z,0.04444444444444444
request rate,2026-10-06T13:59:00Z,0.02222222222222222
request rate,2026-10-06T13:59:15Z,0.04444444444444444
request rate,2026-10-06T13:59:30Z,0.02222222222222222
request rate,2026-10-06T13:59:45Z,0.04444444444444444
request rate,2026-10-06T14:00:00Z,0.022223209920440908
request rate,2026-10-06T14:00:15Z,0.04444444444444444
request rate,2026-10-06T14:00:30Z,0.02222222222222222
request rate,2026-10-06T14:00:45Z,0.04444444444444444
request rate,2026-10-06T14:01:00Z,0.02222222222222222
request rate,2026-10-06T14:01:15Z,0.04444246922359007
request rate,2026-10-06T14:01:30Z,0.02222222222222222
request rate,2026-10-06T14:01:45Z,0.04444444444444444
request rate,2026-10-06T14:02:00Z,0.02222222222222222
request rate,2026-10-06T14:02:15Z,0.04444444444444444
request rate,2026-10-06T14:02:30Z,0.022221234611795034
request rate,2026-10-06T14:02:45Z,0.044446419840881816
request rate,2026-10-06T14:03:00Z,0.022221234611795034
request rate,2026-10-06T14:03:15Z,0.04444444444444444
request rate,2026-10-06T14:03:30Z,0.02222222222222222
request rate,2026-10-06T14:03:45Z,0.04444444444444444
request rate,2026-10-06T14:04:00Z,0.022223209920440908
request rate,2026-10-06T14:04:15Z,0.04444444444444444
request rate,2026-10-06T14:04:30Z,0.02222222222222222
request rate,2026-10-06T14:04:45Z,0.04444246922359007
request rate,2026-10-06T14:05:00Z,0.022221234611795034
request rate,2026-10-06T14:05:15Z,0.044446419840881816
request rate,2026-10-06T14:05:30Z,0.022223209920440908
request rate,2026-10-06T14:05:45Z,0.044446419840881816
request rate,2026-10-06T14:06:00Z,0.02222222222222222
request rate,2026-10-06T14:06:15Z,0.04444246922359007
request rate,2026-10-06T14:06:30Z,0.02222222222222222
request rate,2026-10-06T14:06:45Z,0.04444444444444444
request rate,2026-10-06T14:07:00Z,0.022223209920440908
request rate,2026-10-06T14:07:15Z,0.04444444444444444
request rate,2026-10-06T14:07:30Z,0.02222222222222222
request rate,2026-10-06T14:07:45Z,0.04444444444444444
request rate,2026-10-06T14:08:00Z,0.02222222222222222
request rate,2026-10-06T14:08:15Z,0.04444444444444444
request rate,2026-10-06T14:08:30Z,0.022221234611795034
request rate,2026-10-06T14:08:45Z,0.04444246922359007
request rate,2026-10-06T14:09:00Z,0.02222222222222222
request rate,2026-10-06T14:09:15Z,0.044446419840881816
request rate,2026-10-06T14:09:30Z,0.02222222222222222
request rate,2026-10-06T14:09:45Z,0.04444444444444444
request rate,2026-10-06T14:10:00Z,0.02222222222222222
request rate,2026-10-06T14:10:15Z,0.04444444444444444
request rate,2026-10-06T14:10:30Z,0.022221234611795034
request rate,2026-10-06T14:10:45Z,0.04444246922359007
request rate,2026-10-06T14:11:00Z,0.022223209920440908
request rate,2026-10-06T14:11:15Z,0.044446419840881816
request rate,2026-10-06T14:11:30Z,0.02222222222222222
request rate,2026-10-06T14:11:45Z,0.04444444444444444
request rate,2026-10-06T14:12:00Z,0.02222222222222222
request rate,2026-10-06T14:12:15Z,0.04444444444444444
request rate,2026-10-06T14:12:30Z,0.02222222222222222
request rate,2026-10-06T14:12:45Z,0.04444444444444444
request rate,2026-10-06T14:13:00Z,0.02222222222222222
request rate,2026-10-06T14:13:15Z,0.02222222222222222
request rate,2026-10-06T14:13:30Z,0.022221234611795034
request rate,2026-10-06T14:13:45Z,0.022223209920440908
request rate,2026-10-06T14:14:00Z,0.04444246922359007
request rate,2026-10-06T14:14:15Z,0.02222222222222222
request rate,2026-10-06T14:14:30Z,0.04444444444444444
request rate,2026-10-06T14:14:45Z,0.022223209920440908
request rate,2026-10-06T14:15:00Z,0.044446419840881816
request rate,2026-10-06T14:15:15Z,0.02222222222222222
request rate,2026-10-06T14:15:30Z,0.04444444444444444
request rate,2026-10-06T14:15:45Z,0.022221234611795034
request rate,2026-10-06T14:16:00Z,0.04444246922359007
request rate,2026-10-06T14:16:15Z,0.022221234611795034
request rate,2026-10-06T14:16:30Z,0.04444444444444444
request rate,2026-10-06T14:16:45Z,0.022223209920440908
request rate,2026-10-06T14:17:00Z,0.044446419840881816
request rate,2026-10-06T14:17:15Z,0.022223209920440908
request rate,2026-10-06T14:17:30Z,0.04444246922359007
request rate,2026-10-06T14:17:45Z,0.02222222222222222
request rate,2026-10-06T14:18:00Z,0.04444246922359007
request rate,2026-10-06T14:18:15Z,0.022223209920440908
request rate,2026-10-06T14:18:30Z,0.04444444444444444
request rate,2026-10-06T14:18:45Z,0.022223209920440908
request rate,2026-10-06T14:19:00Z,0.04444444444444444
request rate,2026-10-06T14:19:15Z,0.02222222222222222
request rate,2026-10-06T14:19:30Z,0.04444246922359007
request rate,2026-10-06T14:19:45Z,0.02222222222222222
request rate,2026-10-06T14:20:00Z,0.04444246922359007
request rate,2026-10-06T14:20:15Z,0.02222222222222222
request rate,2026-10-06T14:20:30Z,0.04444444444444444
request rate,2026-10-06T14:20:45Z,0.02222222222222222
request rate,2026-10-06T14:21:00Z,0.02222222222222222
request rate,2026-10-06T14:21:15Z,0.0
request rate,2026-10-06T14:21:30Z,0.0
request rate,2026-10-06T14:21:45Z,0.0
request rate,2026-10-06T14:22:00Z,0.0
request rate,2026-10-06T14:22:15Z,0.0
request rate,2026-10-06T14:22:30Z,0.0
request rate,2026-10-06T14:22:45Z,0.0
request rate,2026-10-06T14:23:00Z,0.0
request rate,2026-10-06T14:23:15Z,0.0
request rate,2026-10-06T14:23:30Z,0.0
request rate,2026-10-06T14:23:45Z,0.0
request rate,2026-10-06T14:24:00Z,0.0
request rate,2026-10-06T14:24:15Z,0.0
request rate,2026-10-06T14:24:30Z,0.0
request rate,2026-10-06T14:24:45Z,0.0
request rate,2026-10-06T14:25:00Z,0.0
request rate,2026-10-06T14:25:15Z,0.0
request rate,2026-10-06T14:25:30Z,0.0
request rate,2026-10-06T14:25:45Z,0.0
request rate,2026-10-06T14:26:00Z,0.0
request rate,2026-10-06T14:26:15Z,0.0
